project_name,pub_time,ai_project_title,requirement_brief,requirement_desc,deadline,company_name,contact_name,contact_phone,province,city,budget,announcement_url,location_text
科研智能辅助子系统建设项目,2026-03-08T10:10+08:00,科研智能辅助子系统建设,利用AI技术构建科研智能辅助子系统，实现数据智能采集、分析与决策支持，提升科研效率和成果转化能力，为城市绿地质量提升和生态治理提供科学支撑。,"【背景概述】
园科院积累了海量科研数据，现有管理模式制约科研效能。项目以AI智能体技术为核心，建设科研智能辅助子系统，实现对多源生态数据的智能采集、融合分析与决策支持，打造高效能科研智能助手，提升科研效率与成果转化能力，为城市绿林地质量提升与生态治理提供科学支撑。

1、面向科研人员提供智能交互界面，支持文献检索与综述生成、实验方案建议、数据分析报告及图表优化，实现AI辅助实验设计与优化。

2、AI实时分析气象与土壤数据，动态优化科研与管理决策。

3、智能体实现多源异构数据（如遥感、IoT传感）的自动化分析与预警。

4、以AI智能体技术为核心，实现对多源生态数据的智能采集、融合分析与决策支持。

5、规划阶段智能决策工具支持绿地布局优化与树种智能推荐。

6、建设阶段智能决策工具辅助景观方案生成。

7、养护阶段实现病虫害图像识别、古树健康评估、智能灌溉与设施巡检。

8、赋能重大生态工程方案评估、过程监测与效果预测。

9、建成AI科研平台，构建智能体基础平台，支持多用户协同、模型训练与管理。",2026年03月27日,上海市园林科学规划研究院,李修辞,021-35968050,上海,上海市,150.00万元,http://www.ccgp.gov.cn/cggg/dfgg/gkzb/202603/t20260308_26246268.htm,上海市徐汇区龙吴路899号
黄山学院工业网络与协同控制实训系统采购项目,2026-03-07T16:30+08:00,无相关要求,无相关要求,无相关要求,2026年03月31日,黄山学院,俞工,0559-2321558,安徽,黄山市,440.00万元,http://www.ccgp.gov.cn/cggg/dfgg/gkzb/202603/t20260307_26243172.htm,安徽省黄山市屯溪区西海路39号
永康五金技师学院智能制造工程技术应用平台项目,2026-03-07T14:03+08:00,无相关要求,无相关要求,无相关要求,2026年03月26日,永康五金技师学院,王飞,18757917317,浙江,永康市,220.00万元,http://www.ccgp.gov.cn/cggg/dfgg/gkzb/202603/t20260307_26241582.htm,永康市东城街道九鼎路869号
义井镇红桥村有机蔬菜项目,2026-03-07T20:01+08:00,无相关要求,无相关要求,无相关要求,2026年03月27日,长丰县义井镇人民政府,赵孟轩,0551-66550710,安徽,合肥市,650.00万元,http://www.ccgp.gov.cn/cggg/dfgg/gkzb/202603/t20260307_26244433.htm,安徽省合肥市长丰县义井镇合淮路东侧
天津市天津医院2026年弱电智能化系统维保服务项目,2026-03-07T18:50+08:00,无相关要求,无相关要求,无相关要求,2026年03月30日,天津市天津医院,王越、谢薇,022-88391127-815,天津,天津市,130.00万元,http://www.ccgp.gov.cn/cggg/dfgg/gkzb/202603/t20260307_26244347.htm,天津市河西区解放南路406号
池州市秸秆禁烧监管服务项目,2026-03-07T17:08+08:00,池州市秸秆禁烧AI智能监管平台,部署200个高点视频监控点位，利用AI技术实现秸秆禁烧火点监测、智能预警、快速调度和闭环处置，构建全域覆盖的监管体系。,"【背景概述】
项目拟在池州市部署200个高点视频监控点位，搭建集火点监测、智能预警、快速调度、闭环处置于一体的秸秆禁烧监管服务平台，构建“高点视频全域覆盖+AI智能精准识别+闭环处置高效协同”的监管体系。

1、在秸秆禁烧监管场景下，基于高点视频监控数据，通过AI智能精准识别技术实现火点监测与智能预警功能，支撑快速调度与闭环处置。",2026年03月27日,池州市生态环境局,汪银,15056600233,安徽,池州市,266.26万元,http://www.ccgp.gov.cn/cggg/dfgg/gkzb/202603/t20260307_26244102.htm,池州市贵池区中环大厦
浙江工业大学25年两新二期人工智能四足机器人实验平台采购（第三次）,2026-03-07T17:07+08:00,无相关要求,无相关要求,无相关要求,2026年03月27日,浙江工业大学,叶鲁茂、冯增伟、陈语,0571-87679349,浙江,杭州市,60.80万元,http://www.ccgp.gov.cn/cggg/dfgg/gkzb/202603/t20260307_26244101.htm,杭州市潮王路18号
定海小学智慧校园建设项目,2026-03-07T15:35+08:00,无相关要求,无相关要求,无相关要求,2026年03月30日,舟山市定海区教育局,王迪,0580-8260928,浙江,舟山市,192.75万元,http://www.ccgp.gov.cn/cggg/dfgg/gkzb/202603/t20260307_26241844.htm,舟山市定海区港口路1号港务大厦
金东区星青年支持与赋能中心智慧运动与脑机康复区设备采购项目,2026-03-07T14:20+08:00,无相关要求,无相关要求,无相关要求,2026年03月27日,金华市金东区残疾人联合会,汪振涛、谢迦恺,0579- 83182137,浙江,金华市,59.33万元,http://www.ccgp.gov.cn/cggg/dfgg/gkzb/202603/t20260307_26241601.htm,金华市金东区康济南街368号
巴音郭楞蒙古自治州卫生学校智慧校园数据中台系统建设项目,2026-03-07T18:18+08:00,无相关要求,无相关要求,无相关要求,2026年03月26日,新疆巴音郭楞蒙古自治州卫生学校,傅容,0996-2035295,新疆,库尔勒市,300.00万元,http://www.ccgp.gov.cn/cggg/dfgg/gkzb/202603/t20260307_26244266.htm,库尔勒市永安大道北段113号
二期科普展教劳务服务,2026-03-07T23:11+08:00,无相关要求,无相关要求,无相关要求,2026年03月27日,上海市水生野生动植物保护研究中心,蒋文君,021-62082628,上海,上海市,121.08万元,http://www.ccgp.gov.cn/cggg/dfgg/gkzb/202603/t20260307_26245513.htm,上海市崇明区护鲟路99号
伊犁中等职业技术学校智能制造工业机器人及工业视觉实训室项目,2026-03-06T16:56+08:00,无相关要求,无相关要求,无相关要求,2026年03月27日,伊犁中等职业技术学校,佘海超,17599999728,新疆,伊宁市,200.00万元,http://www.ccgp.gov.cn/cggg/dfgg/gkzb/202603/t20260306_26239417.htm,伊宁市学府路1号
天津商业大学冷链物流产教融合实训设备更新-机器视觉+机器人综合实训设备购置项目,2026-03-06T23:50+08:00,机器视觉+机器人综合实训设备购置,天津商业大学采购机器视觉与机器人设备，模拟冷链物流场景，构建教学闭环，为数据科学与大数据专业提供实验环境，支持数据生成、算法设计和智能链验证。,"【背景概述】天津商业大学采购机器视觉+机器人综合实训设备，以模拟冷链物流为场景构建教学闭环，为数据科学与大数据等专业提供创新型实验环境。
1、实训设备可产生图像与运动数据，支撑数据清洗、算法设计等实践，具备开放架构，允许学生部署自研算法，验证从视觉感知到机器人执行的全流程智能链。",2026年03月27日,天津商业大学,张老师,13652107352,天津,天津市,50.00万元,http://www.ccgp.gov.cn/cggg/dfgg/gkzb/202603/t20260306_26241135.htm,天津市北辰区光荣道409号
中山大学中山眼科中心5G智能眼科巡诊车配套服务,2026-03-06T23:33+08:00,无相关要求,无相关要求,无相关要求,2026年03月27日,中山大学中山眼科中心,黄金韵、常逸明、陈昊俊、杨立敏、郑名洪、黄茜怡、罗坚,020-83172166-863（834、864）,广东,广州市,315.00万元,http://www.ccgp.gov.cn/cggg/zygg/gkzb/202603/t20260306_26241130.htm,广州市天河区金穗路7号
2026年桐乡市公安局交通管理大队智能交通设施维护服务项目,2026-03-06T21:24+08:00,无相关要求,无相关要求,无相关要求,2026年03月26日,桐乡市公安局交通管理大队,徐煌凰,13356020660,浙江,桐乡市,577.93万元,http://www.ccgp.gov.cn/cggg/dfgg/gkzb/202603/t20260306_26241050.htm,浙江省桐乡市梧桐街道庆丰南路1号
皇岗海关新皇岗口岸5G单兵查验系统采购项目,2026-03-06T21:19+08:00,无相关要求,无相关要求,无相关要求,2026年03月27日,中华人民共和国皇岗海关,陈工,0755-88918226,广东,深圳市,120.00万元,http://www.ccgp.gov.cn/cggg/zygg/gkzb/202603/t20260306_26241042.htm,深圳市福田区福田南路22号皇岗海关
义井镇红桥村有机蔬菜项目,2026-03-06T20:02+08:00,无相关要求,无相关要求,无相关要求,2026年03月27日,长丰县义井镇人民政府,赵孟轩,0551-66550710,安徽,合肥市,650.00万元,http://www.ccgp.gov.cn/cggg/dfgg/gkzb/202603/t20260306_26240913.htm,安徽省合肥市长丰县义井镇合淮路东侧
“乌—昌—石”区域大气污染源执法监管技术研究,2026-03-06T19:20+08:00,无相关要求,无相关要求,无相关要求,2026年03月27日,新疆维吾尔自治区环境保护科学研究院,谢宏英、严婷,15001697967、15299983073,新疆,新疆乌鲁木齐市新市,110.00万元,http://www.ccgp.gov.cn/cggg/dfgg/gkzb/202603/t20260306_26240811.htm,新疆乌鲁木齐市新市区科学一街428号
浙江大学医学院附属第一医院厨房智能化设备采购,2026-03-06T19:12+08:00,无相关要求,无相关要求,无相关要求,2026年03月26日,浙江大学医学院附属第一医院,汪丽、沈佩文、杨晴、钱彩莉、于正平,0571-85860260,浙江,杭州市,42.70万元,http://www.ccgp.gov.cn/cggg/dfgg/gkzb/202603/t20260306_26240785.htm,杭州市庆春路79号
邵武市总医院公卫健康体检系统（健康体检一体机）,2026-03-06T19:06+08:00,无相关要求,无相关要求,无相关要求,2026年03月27日,邵武市总医院,徐秀茹、狄德明、郑文龙,0591-83179916,福建,邵武市,199.84万元,http://www.ccgp.gov.cn/cggg/dfgg/gkzb/202603/t20260306_26240768.htm,邵武市李纲东路10号
黄山学院数控数字化双胞胎虚拟调试实训系统采购项目,2026-03-06T18:30+08:00,无相关要求,无相关要求,无相关要求,2026年03月26日,黄山学院,卫工,0559-2546635,安徽,黄山市,305.00万元,http://www.ccgp.gov.cn/cggg/dfgg/gkzb/202603/t20260306_26240531.htm,安徽省黄山市屯溪区西海路39号
常山经济开发区生态产业园基础设施配套工程——常山经济开发区智慧园区运维项目,2026-03-06T18:17+08:00,无相关要求,无相关要求,无相关要求,2026年03月26日,浙江常山经济开发区管理委员会,余佳丽,13567051997,浙江,,49.97万元,http://www.ccgp.gov.cn/cggg/dfgg/gkzb/202603/t20260306_26240467.htm,常山县金川街道同心路135号科创中心B楼
数字化网格装备支撑-执法终端服务,2026-03-06T17:51+08:00,无相关要求,无相关要求,无相关要求,2026年04月02日,苏州工业园区综合行政执法局,陆宇,0512-65158848转8011,,,753.65万元,http://www.ccgp.gov.cn/cggg/dfgg/gkzb/202603/t20260306_26240208.htm,苏州工业园区现代大道999号现代大厦六楼
滨海县主城区“智能感知补盲”项目,2026-03-06T17:51+08:00,无相关要求,无相关要求,无相关要求,2026年03月27日,滨海县公安局（机关）,王莉亚,13655104747,江苏,,897.86万元,http://www.ccgp.gov.cn/cggg/dfgg/gkzb/202603/t20260306_26240205.htm,滨海县迎宾西路1号
西北民族大学新闻传播学院智能化网络信息传播风险管理决策实验室项目（二次）,2026-03-06T17:43+08:00,无相关要求,无相关要求,无相关要求,2026年03月31日,西北民族大学,田斐予,0931-2938080,甘肃,兰州市,144.89万元,http://www.ccgp.gov.cn/cggg/zygg/gkzb/202603/t20260306_26240043.htm,甘肃省兰州市城关区西北新村1号
云南省农村集体建设用地管理项目,2026-03-06T17:30+08:00,云南省农村集体建设用地智能管理,构建智能解译与变化检测系统，实现云南省农村集体建设用地地类图斑智能识别、分类及动态追踪，按月提供300km²影像分析解译成果，覆盖12期。,"1. 农村集体建设用地重点区域地类图斑智能解译与变化检测。对重点区域开展多源数据整合与地类图斑智能解译，基于前后两期遥感影像的比对分析，精准提取地块农村集体建设用地变化情况，按月提供300km²影像（12期），交付分析解译成果。

2. 农村集体建设用地重点区域土地利用智能分类算法模型构建。完成地类（重点是集体建设用地及潜力）智能识别分类算法模型构建，依托卫星影像、哨兵影像进行土地用途精细分类，完成地类分类算法及信息提取成果，实现对土地利用类型的精准掌握与动态追踪，覆盖12期300km²。",2026年03月27日,云南省国土资源规划设计研究院,包效民、石光明、钟娟玲、姚春玲、张进文,0871-65823456、15388888176,云南,昆明市,45.00万元,http://www.ccgp.gov.cn/cggg/dfgg/gkzb/202603/t20260306_26239947.htm,昆明市人民东路王大桥
东莞市虎门镇市政路灯智能化改造项目（第二批）,2026-03-06T17:23+08:00,无相关要求,无相关要求,无相关要求,2026年03月27日,东莞市虎门镇公用事业服务中心,王佳涛,0769-21682660-620,广东,东莞市,489.55万元,http://www.ccgp.gov.cn/cggg/dfgg/gkzb/202603/t20260306_26239840.htm,东莞市虎门镇威远岛南北大道城建办公区5号楼
昆明市官渡区职业高级中学优质校建设项目（四期）,2026-03-06T17:15+08:00,无相关要求,无相关要求,无相关要求,2026年03月26日,昆明市官渡区职业高级中学,王燕,13759560432,云南,昆明市,100.00万元,http://www.ccgp.gov.cn/cggg/dfgg/gkzb/202603/t20260306_26239754.htm,昆明市东郊大石坝
中医药康养产教融合实训基地康复实训中心教学仪器设备,2026-03-06T17:10+08:00,无相关要求,无相关要求,无相关要求,2026年03月26日,安徽中医药高等专科学校,左老师,15212270030,安徽,芜湖市,54.60万元,http://www.ccgp.gov.cn/cggg/dfgg/gkzb/202603/t20260306_26239673.htm,芜湖市弋江区乌霞山西路18号
安图县职业教育中心AI多模态教学能力提升项目（二次）,2026-03-06T19:00+08:00,无相关要求,无相关要求,无相关要求,2026年03月30日,安图县职业教育中心,李蔓,0433-5810520,吉林,,273.72万元,http://www.ccgp.gov.cn/cggg/dfgg/gkzb/202603/t20260306_26240740.htm,明月镇龙安51号
会理市智慧教育新型基础设施建设项目,2026-03-06T17:57+08:00,会理市智慧教育AI基础设施建设,会理市智慧教育项目旨在通过AI技术提升教育质量，包括资源管理、AI影像大脑、远程互动、智能批改、人工智能实验系统等，实现教学智能化、数据化管理。,"【背景概述】会理市教育和体育局实施智慧教育新型基础设施建设项目，服务覆盖辖内76所中小学及职业中学，配套建设多类智慧教育系统、设备及服务。
1、资源综合管理系统支持通过AI自动生成视频资源字幕，生成的字幕可在线调整修改。
2、AI影像大脑需具备以下能力：通过S-T互动分析编码系统绘制S-T曲线图，计算教师行为占有率Rt、师生行为转换率Ch，判定教学模式（含混合型、练习型、讲授型、对话型）；通过语音识别统计师生发言时长、教师讲授字数及语速，判断语速是否合理；将教学语音转换为带时间戳的文字，自动标注师生角色，可定位对应教学视频，自动生成教学视频字幕及可搜索、可按角色筛选的语音文字讲义；基于语音识别、说话人身份识别、语义分析算法生成课堂词云，提取教师口头禅；分析学生个人举手、读写等行为生成课堂维度曲线趋势图，分析学生群体阅读、书写等行为的时间分布及行为占比，支持点击记录定位对应课程视频；分析教师讲授、师生互动等行为的时间分布及行为占比，支持点击记录定位对应课程视频；借助人工智能模型提取课堂关键信息，概括课程内容，梳理知识点及教学章节生成可缩放思维导图，总结课堂知识点、教学优缺点及优化建议；识别课堂讲授、问答、演示、练习等教学方法并切片，支持点击切片定位对应课例视频；分析教师语音语义，提取深层次提问内容及对应知识点，支持点击问题跳转对应视频时间点；自动生成包含教学目标、重难点、教学过程设计等内容的课堂教案，支持Word导出；分析生成导入、讲解、提问等教学技能总结并附带评价建议；支持单课程报告预览、导出，支持同课异构多维度对比。
3、远程互动系统支持人脸检测、人头检测功能，可识别参会者人脸、统计视频内人头数量，实现会议人脸签到、人数记录。
4、配套7套大数据精准教学智能批改服务。
5、数智作业服务包含7套智能评分&智能批改服务、50套智能批阅系统。
6、部署人工智能创新实验系统，包含1套人工智能教学应用系统、1套人工智能主题课程、1套高中人工智能综合实践课程、1套高中无人驾驶特色课程，配套16套综合实践开源设备、16套开源硬件系统软件、46套人工智能资源、16台教学机器人及配套软件、5台智能驾驶小车及配套系统等教学软硬件。
7、英语听说课堂系统配置5套智能语音互动套装。
8、AI自习室系统配置7套AI通用助手系统。
9、智慧操场工坊系统部署1套AI体育教学系统、1套AI体育教学助手、1套AI体育学生助手、2套适配不同跑步项目的AI体育跑步杆、1台AI体育教学一体机、1台AI体育测练一体机、1台AI引体向上测练机、1台AI实心球测练机。
10、校园运动角工坊系统配置9套AI运动摄像头及配套运动测评系统。
11、智慧教学视频应用与安全集成服务包含1项教学视频AI智能分析服务。",2026年03月30日,会理市教育和体育局,李老师,0834-3207502,四川,会理市,215.00万元,http://www.ccgp.gov.cn/cggg/dfgg/gkzb/202603/t20260306_26240256.htm,会理市顺城西路北段66号政务办公区
浦东新区智慧医院一体化示范项目软件测试服务,2026-03-06T17:27+08:00,无相关要求,无相关要求,无相关要求,2026年04月09日,上海市浦东卫生发展研究院,刘美令,021-68548100,上海,上海市,100.00万元,http://www.ccgp.gov.cn/cggg/dfgg/gkzb/202603/t20260306_26239873.htm,上海市浦东新区莱阳路818号
广南县“打非治违”电子围栏项目,2026-03-06T17:20+08:00,无相关要求,无相关要求,无相关要求,2026年03月30日,广南县自然资源局,万金莎,0876-2135488,云南,,208.60万元,http://www.ccgp.gov.cn/cggg/dfgg/gkzb/202603/t20260306_26239787.htm,广南县自然资源局
西双版纳州清廉教育馆建设货物采购（非集采类）,2026-03-06T17:10+08:00,无相关要求,无相关要求,无相关要求,2026年03月30日,中国共产党西双版纳傣族自治州纪律检查委员会（西双版纳傣族自治州监察委员会）,徐启仁,0691-2191889 13988158501,云南,西双版纳傣族自治州景洪市,65.27万元,http://www.ccgp.gov.cn/cggg/dfgg/gkzb/202603/t20260306_26239696.htm,云南省西双版纳傣族自治州景洪市宣慰大道65号
长春市中心医院智慧医院能力提升项目硬件采购项目,2026-03-06T17:08+08:00,无相关要求,无相关要求,无相关要求,2026年03月30日,长春市中心医院（长春市白内障复明康复中心、长春市眼病防治所）,刘芳,13324300709,吉林,长春市,184.00万元,http://www.ccgp.gov.cn/cggg/dfgg/gkzb/202603/t20260306_26239640.htm,长春市人民大街1810号
普宁市人民医院视频监控系统改造升级项目,2026-03-06T16:50+08:00,普宁市人民医院视频监控系统AI升级改造,本项目旨在升级普宁市人民医院视频监控系统，通过采购智搜AI摄像机、全景球机等设备，实现深度学习算法支持的智能监控功能，包括人脸抓拍、车辆检测、高空抛物检测等，以提高医院安全监控水平。,"【背景概述】本项目为普宁市人民医院视频监控系统改造升级项目，采购相关监控软硬件设备并完成安装调试，实施地点为普宁市人民医院，要求90个日历天内整体交货安装完成并验收合格。
1、智搜AI摄像机需采用深度学习算法，支持智能资源模式切换：人脸抓拍模式下支持运动人脸检测、抓拍、去重，最多同时检测30张人脸；道路监控模式下支持车辆检测、车牌识别、混行检测；Smart事件模式下越界、区域入侵、进入/离开区域侦测采用深度学习算法；人数统计模式下支持人员统计、异常行为检测、区域关注度分析、热度图分析。
2、全景球机需采用深度学习算法，支持人车分类侦测、报警、联动跟踪，支持人脸抓拍，最多同时检测5张人脸，支持快速、优选两种抓拍模式。
3、高空抛物监控摄像机需支持高空抛物事件智能检测，可检测8×8像素以上抛落物，支持设置4个算法屏蔽区域，支持抛物轨迹记录，可在报警图片、小视频中叠加呈现轨迹。
4、半球摄像机、枪型摄像机需支持智能侦测功能，包含场景变更侦测、虚焦侦测、区域入侵侦测、越界侦测、进入及离开区域侦测、人员聚集侦测、快速移动侦测、音频异常侦测、音频陡升/陡降侦测。
5、电梯半球需支持越界侦测、区域入侵侦测功能。",2026年03月27日,普宁市人民医院,张先生,0663-6186588,广东,普宁市,388.19万元,http://www.ccgp.gov.cn/cggg/dfgg/gkzb/202603/t20260306_26239317.htm,普宁市流沙大道东30号
塔城市校园智慧体育设备和创客教室设备采购安装项目,2026-03-06T16:49+08:00,无相关要求,无相关要求,无相关要求,2026年03月25日,塔城市教育和体育局（塔城市科学技术局、塔城市语言文字工作委员会）,杨小庆,18690111171,新疆,塔城市人民街9号塔城市,397.00万元,http://www.ccgp.gov.cn/cggg/dfgg/gkzb/202603/t20260306_26239340.htm,塔城市人民街9号塔城市教育和体育局
中山市第二人民法院档案数字化综合服务项目,2026-03-06T16:46+08:00,无相关要求,无相关要求,无相关要求,2026年03月27日,中山市第二人民法院,周冠中、李娇、谭耀聪、黄赐悠,13424546924,广东,中山市,990.15万元,http://www.ccgp.gov.cn/cggg/dfgg/gkzb/202603/t20260306_26239267.htm,中山市小榄镇东生西路131号
易门县城乡一体教育优质均衡数字化监测平台建设项目（二期）,2026-03-06T16:45+08:00,易门县教育数字化监测平台AI智能体系统,构建易门县教育数字化监测平台，集成AI通用智能体系统，支持智能体个性化设置、知识库管理、访问权限控制等功能，实现教育数据监测与智慧校园管理。,"【背景概述】
易门县城乡一体教育优质均衡数字化监测平台建设项目（二期），包括建设1套局校数字基座、1套办学评价数据网、1套学生素养成长网、1套教务校务管理网、1套数据治理服务网以及智慧校园云平台。

1. AI通用智能体系统需支持灵活定义智能体头像、智能体名称、智能体简介、智能体排版提示词、智能体开场白、添加知识库、选择通用大模型、是否文生图、调试与预览功能。系统应支持对智能体应用进行访问授权，访问权限包含不限制、指定人员、指定部门、指定机构四类。",2026年03月27日,易门县教育体育局,王海涛、夏苋春、张瑜、李艳菠、解瑾屹,0877-6168806/13608772096,云南,,190.00万元,http://www.ccgp.gov.cn/cggg/dfgg/gkzb/202603/t20260306_26239271.htm,易门县龙泉街道朝阳路238号
2025年凯里一中智慧黑板采购项目,2026-03-06T16:39+08:00,凯里一中智慧黑板及教学应用系统采购,凯里一中智慧黑板采购项目旨在通过采购86寸AI互联智慧黑板、平板学习机等设备，结合教学楼网络改造及综合布线，实现智慧教学环境升级。项目要求智慧黑板具备智能降噪、板书数据采集、人脸识别等功能，教学应用系统需支持手写转写、AI助手、全学科资源检索等，全面提升教学质量和效率。,"【背景概述】凯里市教育局对2025年凯里一中智慧黑板采购项目进行公开招标，采购内容含86寸AI互联智慧黑板、平板学习机、会议平板、教学楼网络改造及综合布线。
1、86寸AI互联智慧黑板内置智能降噪麦克风阵列，支持NN智能AI降噪功能，支持远场拾音，高信噪比≥65dB，超高灵敏度≥-38dB，支持AGC、AEC。
2、86寸AI互联智慧黑板支持板书书写数据采集，可自动识别老师粉笔书写动作、板擦或手指擦除手势，书写过程可同步到一体机主屏，支持板书录制、回看和分享。
3、配套教学应用系统支持人脸识别登录；支持手写中文、英文、函数表达式自动转写为标准印刷体，转写为印刷体后支持朗读、评测、生成卡片；手写中英文支持圈画识别，自动推荐对应学习卡片，中文卡片含拼音、笔顺、部首和结构，英文卡片含发音、翻译和例句；手写函数转写后可自动生成对应函数图像，调节参数可同步调整图像。
4、配套教学应用系统搭载AI助手，具备AI通用对话功能：支持语音或文字输入交互，可创建新对话、查看历史对话记录，生成的内容支持重新回答、分享、点赞、点踩、举报、复制、导出word；支持联网检索并展示检索来源、深度推理过程。
5、AI助手配备教师成长智能体，支持基于用户输入的对应主题，自动生成跨学科实践活动方案、辩论双方观点、实验活动内容、教学反思、期末工作总结。
6、AI助手配备教师教研智能体，支持基于用户输入的内容，自动生成课题研究框架思路，包含研究目的、研究方法、研究计划、研究意义。
7、AI助手配备教师日常工作智能体，支持基于用户输入的对应主题，自动生成班会设计、班级文化墙内容、开学典礼方案、备考励志语录、活动发言稿、家长会发言稿、家校沟通计划、家访记录表、家访沟通提纲、群通知公告、学生心理及行为干预措施、学生沟通辅导内容、学生个性化评语。
8、AI助手具备AI全学科资源检索功能：支持基于用户输入的指令检索对应教学资源，可预览资源内容（音视频可直接播放），展示资源的知识点、预览量、下载量、大小字段；支持将检索到的资源保存到云盘或备课本，支持对检索结果进行点赞、点踩评价。
9、平板学习机支持不良坐姿检测（可识别距离屏幕过近、躺姿、抖动环境三类场景）、语文作文精批辅导、英文作文批改、英语口语陪练、智能编程助手、创意绘画伙伴、一对一精准学、AI一对一小学校内互动课辅导。",2026年03月27日,凯里市教育局,任家红,18685569562,贵州,凯里市,220.00万元,http://www.ccgp.gov.cn/cggg/dfgg/gkzb/202603/t20260306_26239175.htm,凯里市
2026年智慧食堂设备采购项目,2026-03-06T16:25+08:00,无相关要求,无相关要求,无相关要求,2026年04月01日,包头市九原区麻池中心校,郑兴,18686142633,内蒙古,包头市,81.84万元,http://www.ccgp.gov.cn/cggg/dfgg/gkzb/202603/t20260306_26238998.htm,包头市九原区麻池镇麻池一村
智慧市政绿化管理平台系统运维项目,2026-03-06T16:13+08:00,无相关要求,无相关要求,无相关要求,2026年03月25日,杭州市萧山区市政绿化养护保障中心,郑燕,13588174900,浙江,,50.00万元,http://www.ccgp.gov.cn/cggg/dfgg/gkzb/202603/t20260306_26237886.htm,萧山区城厢街道萧然南路630号
平山县教育局智慧大屏一体机采购项目,2026-03-06T16:03+08:00,无相关要求,无相关要求,无相关要求,2026年03月31日,平山县教育局本级,张红丽,0311-82937052,河北,石家庄市,75.00万元,http://www.ccgp.gov.cn/cggg/dfgg/gkzb/202603/t20260306_26238504.htm,河北省石家庄市平山县冶河东路146号
清涧公安局看守所武警中队“智慧磐石”系统升级改造项目,2026-03-06T15:50+08:00,无相关要求,无相关要求,无相关要求,2026年03月27日,清涧县公安局,李工,0912-3351005,陕西,榆林市,380.00万元,http://www.ccgp.gov.cn/cggg/dfgg/gkzb/202603/t20260306_26238281.htm,陕西省榆林市清涧县赤土沟
秦皇岛市公安局2026年科技装备及备品备件采购、租赁项目,2026-03-06T15:43+08:00,无相关要求,无相关要求,无相关要求,2026年03月30日,秦皇岛市公安局本级,司承祚、贺剑,0335-8614041,河北,秦皇岛市,274.50万元,http://www.ccgp.gov.cn/cggg/dfgg/gkzb/202603/t20260306_26237845.htm,秦皇岛市海港区秦皇东大街65号
茂兰保护区智慧茂兰数字管理平台机房设备及改造,2026-03-06T15:41+08:00,无相关要求,无相关要求,无相关要求,2026年03月27日,贵州茂兰国家级自然保护区管理局,马强、范青云,0851-85259777,贵州,,106.40万元,http://www.ccgp.gov.cn/cggg/dfgg/gkzb/202603/t20260306_26238477.htm,贵州省荔波县玉屏街道樟江北路42号
云南能源职业技术学院“红色匠心”思政课沉浸式体验实训室建设项目,2026-03-06T15:25+08:00,无相关要求,无相关要求,无相关要求,2026年04月01日,云南能源职业技术学院,巴珲,13769870617,云南,曲靖市,143.08万元,http://www.ccgp.gov.cn/cggg/dfgg/gkzb/202603/t20260306_26238694.htm,云南省曲靖市职教中心文苑北路8号
磁县人民法院安全防范智慧警务系统,2026-03-06T15:23+08:00,无相关要求,无相关要求,无相关要求,2026年03月30日,磁县人民法院,董旭,0310-2119456,河北,,89.60万元,http://www.ccgp.gov.cn/cggg/dfgg/gkzb/202603/t20260306_26238244.htm,磁县和谐大道与朝阳路交叉口东南角
松江综保区综合管理服务能力信息化提升项目,2026-03-06T14:32+08:00,无相关要求,无相关要求,无相关要求,2026年03月27日,松江经济技术开发区管理委员会,李剑伟,021-67721810,上海,上海市,905.90万元,http://www.ccgp.gov.cn/cggg/dfgg/gkzb/202603/t20260306_26238212.htm,上海市松江区广富林路4855弄112号
特困供养服务机构设备购置项目(二次),2026-03-06T13:35+08:00,特困供养机构智慧化设备采购项目,为绥芬河市民政局特困供养服务机构采购智慧化及适老化设备，包括具备AI增强语言、画质调节、语音助手、身份识别、语音转文字等功能的触控一体机和电视，提升特困供养服务水平。,"【背景概述】
本项目为绥芬河市民政局特困供养服务机构设备购置项目（二次），采购内容包含家具家电、智慧化及适老化产品，用于特困供养服务机构配套建设。
1、采购的≥75英寸触控一体机需具备AI人声语言增强功能，听力模式下支持三挡强弱调节，通过AI算法提取视频/音频中的语言进行效果增强，不增加音量即可提升语言清晰度，扩声系统语言传输指数（STIPA）≥0.75。
2、采购的≥75英寸触控一体机需具备AI画质调节功能，支持手势上滑调出人工智能画质调节模式（AI-PQ），开启后播放视频可根据屏幕内容自动调节画质参数，出现人物、建筑、夜景元素时自动调整对比度、饱和度、锐利度、色调色相值、高光/阴影。
3、采购的≥75英寸触控一体机需内置语音助手，可通过整机麦克风及智能笔以唤醒词调起，支持语音交互调节整机音量、亮度，语音操控打开系统已安装应用。
4、采购的≥75英寸触控一体机需支持面部识别登录、声纹识别登录等多种身份识别方式，支持账号安全登录检测。
5、采购的≥75英寸触控一体机需内置智能语音转文字工具，可将整机内置麦克风拾取的语音进行文字转译，以悬浮字幕形式显示在屏幕上。
6、采购的≥65英寸电视需具备AI健康监测功能，支持至少五重检测，长辈借助遥控器即可一键测量心率、血氧等数据，生成五项健康数据及健康报告，数据实时同步大屏显示。
7、采购的≥65英寸电视需具备AI秒懂语音功能，支持声纹识别、≥23种方言混合识别、多指令复杂意图理解、多轮对话。",2026年03月27日,绥芬河市民政局,瑞函项目管理有限公司,13945364123,黑龙江,绥芬河市,179.00万元,http://www.ccgp.gov.cn/cggg/dfgg/gkzb/202603/t20260306_26237247.htm,绥芬河市党政第三办公区
智慧交通基础数据采集平台建设项目,2026-03-06T13:14+08:00,无相关要求,无相关要求,无相关要求,2026年03月27日,吉林交通职业技术学院,刘艳芳,19917226969,吉林,长春市,323.00万元,http://www.ccgp.gov.cn/cggg/dfgg/gkzb/202603/t20260306_26237197.htm,长春市高新区电台街63号
巫溪智慧教育云网,2026-03-06T13:05+08:00,无相关要求,无相关要求,无相关要求,2026年03月06日,重庆市巫溪县珠海实验小学校,李淑菲,13452758966,重庆,,480.00万元,http://www.ccgp.gov.cn/cggg/dfgg/gkzb/202603/t20260306_26237176.htm,巫溪县柏杨街道柏杨北路100号
海关总署2026年海关智慧监管平台等级保护测评及密评服务采购项目,2026-03-06T11:31+08:00,无相关要求,无相关要求,无相关要求,2026年03月27日,海关总署物资装备采购中心,钟先生/女士,010-65194619,北京,北京市,660.82万元,http://www.ccgp.gov.cn/cggg/zygg/gkzb/202603/t20260306_26236132.htm,北京市东城区金宝街61号鑫海锦江大酒店
张家口市职业技术教育中心智慧健康养老实训室建设项目,2026-03-06T11:23+08:00,无相关要求,无相关要求,无相关要求,2026年03月30日,张家口市职业技术教育中心,乔永立,0313-7680613,河北,张家口市,131.38万元,http://www.ccgp.gov.cn/cggg/dfgg/gkzb/202603/t20260306_26236086.htm,张家口市桥西区古宏大街28号
鸣沙山月牙泉景区安防保护系统智慧化提升项目-宣传屏系统采购项目,2026-03-06T11:06+08:00,无相关要求,无相关要求,无相关要求,2026年03月27日,敦煌市鸣沙山月牙泉景区服务中心,朱先生,13809373568,甘肃,敦煌市,108.52万元,http://www.ccgp.gov.cn/cggg/dfgg/gkzb/202603/t20260306_26235959.htm,敦煌市鸣沙山月牙泉景区内
永嘉县市场监督管理局智慧农贸运维续费,2026-03-06T10:58+08:00,无相关要求,无相关要求,无相关要求,2026年03月26日,永嘉县市场监督管理局,余旭凡,18968868813,浙江,,60.59万元,http://www.ccgp.gov.cn/cggg/dfgg/gkzb/202603/t20260306_26235910.htm,永嘉上塘县前路103号
永康市南苑中学建设工程（二期）智慧黑板采购项目,2026-03-06T10:09+08:00,无相关要求,无相关要求,无相关要求,2026年03月27日,永康市第二中学,朱华琳,18868585435,浙江,永康市,64.00万元,http://www.ccgp.gov.cn/cggg/dfgg/gkzb/202603/t20260306_26235634.htm,永康市西塔路99号
2026年杭州市钱塘区智慧养老综合服务采购项目,2026-03-06T09:36+08:00,无相关要求,无相关要求,无相关要求,2026年03月25日,杭州市钱塘区民政和文化旅游体育局,邵逸青、郭鹏飞,0571-87630281、13605702227,浙江,杭州市,113.00万元,http://www.ccgp.gov.cn/cggg/dfgg/gkzb/202603/t20260306_26235511.htm,杭州市钱塘区智慧谷1号
张家口市职业技术教育中心智慧教学系统和专业教学资源库平台建设项目,2026-03-06T09:23+08:00,张家口职教中心智慧教学系统与资源库建设,建设智慧教学系统和专业教学资源库平台，集成知识图谱、AI教案生成、PPT制作、绘画和写作功能，以满足教学、资源管理和学生自主学习需求。,"【背景概述】：张家口市职业技术教育中心实施智慧教学系统和专业教学资源库平台建设，满足学校教学、资源管理、学生自主学习等业务需求。
1、智慧教学系统需具备知识图谱功能，支持自动根据现有图谱信息生成思政图谱。
2、智慧教学系统需具备AI功能，可实现AI生成教案、AI生成PPT、AI绘画、AI写作。",2026年03月31日,张家口市职业技术教育中心,宗桂兰,0313-7680612,河北,张家口市,107.00万元,http://www.ccgp.gov.cn/cggg/dfgg/gkzb/202603/t20260306_26235461.htm,张家口市桥西区古宏大街28号
AI-RAN专用开发集成仿真及测试平台,2026-03-06T17:45+08:00,无相关要求,无相关要求,无相关要求,2026年03月27日,紫金山实验室,孙祥,025-68505990,江苏,南京市,198.75万元,http://www.ccgp.gov.cn/cggg/dfgg/gkzb/202603/t20260306_26240140.htm,南京市江宁区秣周东路9号B1栋
无人机巡查监管系统飞行服务项目,2026-03-06T16:03+08:00,无人机巡查监管系统智能识别服务,遵化市自然资源和规划局采购无人机巡查监管系统飞行服务，通过AI算法实现违建、侵占耕地等行为的智能识别与预警，提升监管效率和覆盖面。,"【背景概述】遵化市自然资源和规划局采购为期3年的无人机巡查监管系统飞行服务，用于提升监管效率与巡查覆盖面，实现违法违规行为闭环处置。
1、系统需具备智能识别功能，结合AI算法对违建、侵占耕地、违规施工等行为进行自动识别与预警，识别相关数据实时回传至监管平台。",2026年03月30日,遵化市自然资源和规划局本级,李敏,0315-6099182,河北,遵化市,443.56万元,http://www.ccgp.gov.cn/cggg/dfgg/gkzb/202603/t20260306_26238737.htm,遵化市建明西街18 号
首都社会好风气建设项目,2026-03-06T10:53+08:00,首都社会好风气AI创作传播项目,该项目旨在通过AI技术发动市民群众参与首都好风气建设，以AI创作形式宣传月榜人物，提升社会风气建设的互动性和影响力。,"【背景概述】
本项目为中共北京市委宣传部本级采购的首都社会好风气建设项目，设两个采购包，分别开展“榜样之光”全媒融合传播、“京华好风气·德润京城”主题活动，引导群众参与首都好风气建设。
1、在“榜样之光”全媒融合传播主题活动的月榜人物宣传环节，发动市民群众以AI创作形式参与月榜人物宣传。",2026年03月27日,中国共产党北京市委员会宣传部(本级),李海霞,68329898,北京,北京市,404.62万元,http://www.ccgp.gov.cn/cggg/dfgg/gkzb/202603/t20260306_26235918.htm,北京市通州区运河东大街56号院
基于大模型的医疗辅助管理系统在前列腺增生患者中的应用研究(二次),2026-03-06T18:10+08:00,AI前列腺疾病筛查与风险评估系统,构建基于大模型的医疗辅助管理系统，实现前列腺疾病筛查、风险评估、科研支持等功能。系统需集成OCR技术、数据治理、多模态深度学习模型，支持与医院数据体系兼容，提供年度模型升级服务，实现前列腺疾病早期筛查、风险分级预警及数据分析。,"【背景概述】德阳市人民医院开展基于大模型的医疗辅助管理系统在前列腺增生患者中的应用研究采购，建设人工智能前列腺疾病筛查系统，支撑临床前列腺疾病筛查、风险评估、科研等工作。
1、数据采集模块内置OCR识别技术，对接义诊场景便携式高拍仪，处理A4纸规格血常规报告单，自动提取白细胞、红细胞、前列腺特异性抗原等关键指标，识别准确率≥98%，支持手动修正错误数据。
2、数据治理模块具备数据格式、完整性、合理性、一致性智能校验功能，可识别数值超出医学参考范围、必填字段缺失、日期格式错误、数据逻辑冲突等异常；支持自动去除重复数据、修正录入错误，基于医学常识与历史数据关联推荐补全缺失数据。
3、需基于海量前列腺增生、前列腺癌及术后并发症相关检验数据，训练多模态深度学习模型，实现疾病风险精准评估。
4、所用AI技术须完成国家网信办《生成式人工智能服务管理暂行办法》备案登记，提供相关证明材料。
5、模型需支持与医院现有医疗数据体系兼容，可接入新增检验指标、疾病类型；提供年度模型升级服务，结合临床反馈与行业数据持续优化算法精准度，支持模型版本管理与回滚功能。
6、风险筛查模块支持基于检验数据、基础信息、既往病史等多维度数据进行前列腺疾病早期筛查，识别前列腺增生、前列腺癌等相关疾病风险；单条数据筛查响应时间≤1秒，批量筛查每秒处理≥50条数据，适配院内数据批量筛查、义诊现场实时筛查两种场景。
7、风险分级模块支持将前列腺疾病风险划分为高危、中危、低危、未发现风险四个等级，分级标准符合临床诊疗规范，支持自定义分级阈值，分级逻辑可配置、可追溯。
8、风险预警模块支持医生工作站自动弹窗、系统消息多渠道预警，按风险等级区分视觉标识，新增高风险患者自动触发预警；支持与HIS、LIS系统联动，患者新增检验数据自动更新预警结果，高危患者预警可自动创建随访任务同步至随访管理模块。
9、数据分析模块支持患者特征与疾病风险关联分析、指标异常分布分析、筛查效果分析、疾病及风险变化趋势分析，可统计假阳性率、假阴性率指标。",2026年03月31日,德阳市人民医院,杜老师,0838-2657777,四川,德阳市,60.01万元,http://www.ccgp.gov.cn/cggg/dfgg/gkzb/202603/t20260306_26240407.htm,德阳市太行山路399号
基于大模型的医疗辅助管理系统在前列腺增生患者中的应用研究(二次),2026-03-06T16:52+08:00,前列腺增生智能筛查与风险评估系统,德阳市人民医院旨在构建基于大模型的医疗辅助管理系统，实现前列腺增生患者的智能筛查、风险评估等功能。系统需集成OCR技术、数据校验、清洗、多模态深度学习模型，支持AI技术备案，模型升级，多维度数据分析及风险预警功能。,"【背景概述】
德阳市人民医院开展基于大模型的医疗辅助管理系统在前列腺增生患者中的应用研究项目，采购相关应用软件开发服务，实现前列腺疾病智能筛查、风险评估等功能。
1、数据采集模块内置OCR识别技术，对接便携式高拍仪采集A4规格血常规报告单，自动提取白细胞、红细胞、前列腺特异性抗原等关键指标，识别准确率≥98%，支持手动修正错误数据。
2、具备数据智能校验功能，可识别数值超出医学参考范围、必填字段缺失、日期格式错误、数据逻辑冲突等数据异常。
3、数据清洗支持自动去除重复数据、修正录入错误，基于医学常识与历史数据关联推荐补全缺失数据。
4、基于海量前列腺增生、前列腺癌及术后并发症相关检验数据，训练多模态深度学习模型，实现疾病风险精准评估。
5、所采用的AI技术须完成国家网信办《生成式人工智能服务管理暂行办法》备案登记，提供相关证明材料。
6、支持模型年度升级服务，结合临床反馈与行业数据持续优化算法精准度，支持模型版本管理与回滚功能。
7、基于检验数据、患者基础信息、既往病史等多维度数据开展前列腺疾病早期筛查，可识别前列腺增生、前列腺癌等相关疾病风险；单条数据筛查响应时间≤1秒，批量筛查每秒处理≥50条数据，支持院内批量筛查、义诊现场实时筛查两种模式。
8、自动将前列腺疾病风险划分为高危、中危、低危、未发现风险四个等级，分级标准符合临床诊疗规范，支持自定义分级阈值，分级逻辑可配置、可追溯。
9、具备多渠道风险预警功能，新增高风险患者自动触发医生工作站弹窗、系统消息预警，按风险等级区分视觉标识；高危患者预警自动触发随访任务创建，支持医生对预警结果人工复核，复核记录自动归档。
10、支持自动开展患者特征与疾病风险关联分析、指标异常分布分析、筛查效果（假阳性率、假阴性率）统计分析、疾病筛查及风险变化趋势分析，可生成多维度统计报表。",2026年03月31日,德阳市人民医院,杜老师,0838-2657777,四川,德阳市,60.01万元,http://www.ccgp.gov.cn/cggg/dfgg/gkzb/202603/t20260306_26239363.htm,德阳市太行山路399号
衡水市公安局大模型一体机采购项目,2026-03-06T15:43+08:00,无相关要求,无相关要求,无相关要求,2026年03月30日,衡水市公安局本级,王刚,0318-8880829,河北,衡水市,628.74万元,http://www.ccgp.gov.cn/cggg/dfgg/gkzb/202603/t20260306_26238568.htm,衡水市桃城区南环西路1169号
闵行区城眸智联系统建设项目,2026-03-06T17:10+08:00,无相关要求,无相关要求,无相关要求,2026年03月27日,上海市闵行区大数据中心,汤丽丽,33882603,上海,,650.00万元,http://www.ccgp.gov.cn/cggg/dfgg/gkzb/202603/t20260306_26239652.htm,闵行区七莘路412号七莘大厦931室
专利预审管理平台账号和知识产权大数据可视化决策系统服务（2026年-2028年）,2026-03-06T14:49+08:00,知识产权大数据可视化决策系统,构建专利预审管理平台和知识产权大数据可视化决策系统，实现预审案件数据交互共享，整合多源异构数据，提供数据挖掘、智能分析、可视化呈现和定制化报告生成功能，为莆田市知识产权快速维权中心提供科学决策支持。,"【背景概述】：本项目为莆田市市场监督管理局采购的2026年-2028年服务项目，采购内容包含专利预审管理平台账号服务、知识产权大数据可视化决策系统服务两大板块，服务对象为莆田市（鞋服和工艺美术）知识产权快速维权中心。
1、专利预审管理平台需具备非正常申请主体验证、专利申请自动分类、相似专利检索、自动发出不受理通知书、申请文件文本比对、案件评分功能，实现预审案件与国家知识产权局专利审批流程数据的实时交互与共享。
2、知识产权大数据可视化决策系统需深度整合专利、商标、预审信息、产业政策等多源异构数据，具备数据挖掘、智能分析、可视化呈现、定制化报告生成功能，为科学决策提供关键信息支撑。",2026年03月12日,莆田市市场监督管理局,小林,19516431607,福建,莆田市,150.00万元,http://www.ccgp.gov.cn/cggg/dfgg/gkzb/202603/t20260306_26238312.htm,莆田市荔城区拱辰街道濠浦社区三亭路
大数据分析与应用统计分析软件,2026-03-06T11:36+08:00,无相关要求,无相关要求,无相关要求,2026年03月27日,福建医科大学附属第一医院,周津、张红梅、陈伟玲,0591－83765885,福建,福州市,33.80万元,http://www.ccgp.gov.cn/cggg/dfgg/gkzb/202603/t20260306_26236168.htm,福州市台江区茶中路20号
“数智普陀”城市运行管理平台（一期）运维项目（2026年度）,2026-03-06T00:10+08:00,无相关要求,无相关要求,无相关要求,2026年03月27日,上海市普陀区城市运行管理中心(上海市普陀区城市网格化综合管理中心、上海市普陀区政务服务中心、上海市普陀区大数据中心）,夏孟煌,18020176833,上海,上海市,752.60万元,http://www.ccgp.gov.cn/cggg/dfgg/gkzb/202603/t20260306_26235187.htm,上海市普陀区同普路602号4号楼
自动化物流机器人采购,2026-03-06T01:00+08:00,无相关要求,无相关要求,无相关要求,2026年03月26日,烟台市口腔医院,张力伟、王兰、徐媛媛,0535-6898368,山东,,96.00万元,http://www.ccgp.gov.cn/cggg/dfgg/gkzb/202603/t20260306_26235220.htm,莱山区逛荡河东路1866号
巴音郭楞蒙古自治州人民医院数智化平台采购项目,2026-03-06T19:27+08:00,无相关要求,无相关要求,无相关要求,2026年03月26日,巴音郭楞蒙古自治州人民医院,李工,15099515808,新疆,,180.00万元,http://www.ccgp.gov.cn/cggg/dfgg/gkzb/202603/t20260306_26240855.htm,巴州人民医院南院区
马尾区高清视频监控系统建设运维项目(二次),2026-03-06T13:31+08:00,无相关要求,无相关要求,无相关要求,2026年03月27日,福州市公安局马尾分局本级,林晶、林秀棋,18050775056,福建,福州市,311.00万元,http://www.ccgp.gov.cn/cggg/dfgg/gkzb/202603/t20260306_26237244.htm,福州市马尾区魁岐协洲路6号
廊坊市发展和改革委员会2026京津冀（廊坊）人工智能算力算法创新应用大赛组织服务采购项目,2026-03-06T11:23+08:00,无相关要求,无相关要求,无相关要求,2026年03月30日,廊坊市发展和改革委员会本级,吕云昊,0316-2204444,河北,廊坊市,600.00万元,http://www.ccgp.gov.cn/cggg/dfgg/gkzb/202603/t20260306_26236096.htm,河北省廊坊市广阳区新华路66号
皇岗海关皇岗口岸新联检大楼智慧仓储智能定制物料箱项目,2026-03-05T23:13+08:00,无相关要求,无相关要求,无相关要求,2026年03月26日,中华人民共和国皇岗海关,谢岚婷/周盼/黎秋君,0755-83881995、0755-83889026,广东,深圳市,82.53万元,http://www.ccgp.gov.cn/cggg/zygg/gkzb/202603/t20260305_26235167.htm,深圳市福田区福田南路24号
数字化智慧医疗一体化建设项目(行走的医院“健康180”服务平台),2026-03-05T22:30+08:00,智慧医疗一体化服务平台建设,构建‘健康180’服务平台，整合医疗资源，实现一键约医、医生上门服务，推动县乡村三级医疗联动，通过人脸识别、指纹识别、身份证识别等技术实现家庭医生签约认证，自动匹配医生，智能化随访提醒，自动完成中医体质辨识。,"【背景概述】
本项目为辽中区人民医院数字化智慧医疗一体化建设项目，打造“健康180”服务平台，整合医疗资源，实现居民一键约医、医生上门提供医疗服务，推动县乡村三级医疗联动，实现“大病不出县，看病不出村”。
1、家庭医生签约认证环节，提供人脸识别、指纹识别、身份证识别认证服务。
2、居民提交一键呼叫订单后，平台根据居民服务地址、医生接单设置（范围、人群、时间）自动匹配符合条件的医生，向对应医生推送订单、自动指派订单。
3、慢病管理场景下，为医生提供智能化随访提醒功能，提醒医生对居民开展规范化管理。
4、65岁以上老年人中医药健康管理场景中，系统依据采集的老年人中医药健康管理服务记录表前33项信息，按照体质判定标准自动完成中医体质辨识，输出辨识结果。",2026年03月26日,辽中区人民医院,黄金凤,13079212119,辽宁,沈阳市,150.00万元,http://www.ccgp.gov.cn/cggg/dfgg/gkzb/202603/t20260305_26235148.htm,沈阳市辽中区浦西街道南二路42号
省应急管理厅政务信息化运维类（2026年）项目,2026-03-05T19:07+08:00,广东省应急政务信息化AI安全监测与智能识别建设,本项目为广东应急政务信息化运维搭建AI能力，覆盖省厅及21地市应急部门，打造AI数据库威胁监测、网页违规内容检测、恶意网络识别、林区烟火智能告警能力，保障系统安全运转，支撑应急业务开展。,"【背景概述】
本项目为广东省应急管理厅2026年政务信息化运维类项目，服务范围覆盖省厅及21个地级以上市应急管理局，旨在保障相关软硬件设备设施安全可靠高效运转，为应急监测预警、指挥调度、指挥决策等工作提供信息化支撑。
1、数据库审计服务需配备基于人工智能（AI）的威胁监测引擎，可识别各类危险攻击，区分恶意攻击行为与正常操作，向数据库管理员展示攻击源、攻击目标、影响范围等信息。
2、在线WEB网站监测服务需具备违规内容检测能力，基于海量样本与人工智能技术精准识别网页文本及图片中的违规内容，支持用户自定义敏感词库，采用OCR技术识别图片中包含的违规文字信息。
3、综合威胁探针需支持基于随机森林算法对海量DGA域名样本训练建模，识别僵尸网络，覆盖HTTP/SMTP/POP3/IMAP/DNS协议。
4、智能烟火识别视频监控系统需具备林区烟火自动识别能力，可分析前端摄像机捕捉的林区烟火信息，火灾发生时主动触发系统告警，支撑应急响应处置。",2026年03月26日,广东省应急管理厅,杨工,020-83187223,广东,广州市,120.00万元,http://www.ccgp.gov.cn/cggg/dfgg/gkzb/202603/t20260305_26234767.htm,广东省广州市越秀区建设大马路19号
六三一台智慧运维音频前端系统数字化升级改造,2026-03-05T18:53+08:00,无相关要求,无相关要求,无相关要求,2026年03月24日,新疆维吾尔自治区广播电视局六三一台,刘女士,15739580686,新疆,,23.16万元,http://www.ccgp.gov.cn/cggg/dfgg/gkzb/202603/t20260305_26234603.htm,新疆呼图壁县二十里店镇林场
深圳市第四人民医院病理技术服务合作项目（智慧病理科整体解决方案与合作服务项目）,2026-03-05T18:45+08:00,无相关要求,无相关要求,无相关要求,2026年03月16日,深圳市第四人民医院,苗凯艳,18522066058,广东,深圳市,350.00万元,http://www.ccgp.gov.cn/cggg/dfgg/gkzb/202603/t20260305_26234476.htm,深圳市坪山区新区石井街道金牛西路1号
镇安县智慧步道系统项目,2026-03-05T17:42+08:00,无相关要求,无相关要求,无相关要求,2026年03月27日,镇安县住房和城乡建设局（本级）,陈先生,0914-3366111,陕西,,664.28万元,http://www.ccgp.gov.cn/cggg/dfgg/gkzb/202603/t20260305_26233656.htm,镇安县永安路51号
锦州医科大学科技平台、协同创新中心设备更新采购项目-口腔医学院,2026-03-05T17:31+08:00,口腔医学诊疗教学设备智能化升级,锦州医科大学口腔医学院采购诊疗教学设备，包括具备智能扫描功能的数字印模仪、AI温控烤瓷炉、支持AI识别显微观察方法的荧光显微观察系统及智慧教学软件，以提升临床实践教学效率和质量。,"【背景概述】
锦州医科大学开展科技平台、协同创新中心设备更新采购，本次为口腔医学院相关诊疗、教学设备采购，用于支撑口腔医学临床实践教学等工作。
1、采购的口腔数字印模仪需具备智能扫描功能，口内扫描过程中可自动去除多余数据，同时具备边缘线提取、咬合间隙检测、倒凹检查功能。
2、采购的烤瓷炉需配备AI智能PID温控系统。
3、采购的荧光显微观察系统配套彩色CMOS相机，需支持AI自动识别明场、荧光、相差、微分干涉、偏光共5种显微观察方法，自动获取最佳拍摄条件参数。
4、采购的荧光显微观察系统配套显微图像控制及分析软件需具备智慧教学功能，支持用户通过手机感应或扫码进入学习界面，可开展显微镜相关理论知识考核，自动生成考核报告。",2026年03月27日,锦州医科大学,李女士,0416-3715075,辽宁,锦州市,469.62万元,http://www.ccgp.gov.cn/cggg/dfgg/gkzb/202603/t20260305_26233409.htm,辽宁省锦州市凌河区松坡路三段40号
娄葑街道养老服务中心改建项目医疗专项和智慧康养设备采购及安装,2026-03-05T17:13+08:00,无相关要求,无相关要求,无相关要求,2026年03月26日,苏州工业园区社会事业局（民政局、退役军人事务局）,朱鸣蝶,0512-68320471,,,527.14万元,http://www.ccgp.gov.cn/cggg/dfgg/gkzb/202603/t20260305_26233098.htm,苏州工业园区现代大道999号现代大厦8楼
千灯镇2026年度智慧技防建设项目,2026-03-05T17:09+08:00,无相关要求,无相关要求,无相关要求,2026年03月27日,昆山市千灯镇人民政府,杨金梅,0512-57503882,江苏,昆山市,809.55万元,http://www.ccgp.gov.cn/cggg/dfgg/gkzb/202603/t20260305_26233008.htm,昆山市千灯镇汉昆路9号
伊犁中等职业技术学校智慧物流生产性实践基地项目,2026-03-05T16:56+08:00,无相关要求,无相关要求,无相关要求,2026年03月26日,伊犁中等职业技术学校,王少伟,15509992621,新疆,伊宁市,600.00万元,http://www.ccgp.gov.cn/cggg/dfgg/gkzb/202603/t20260305_26232739.htm,伊宁市学府路1号
智慧市政园林一期平台运营值守,2026-03-05T16:46+08:00,无相关要求,无相关要求,无相关要求,2026年03月26日,厦门市水务中心,王工,0592-5336893,福建,厦门市,294.12万元,http://www.ccgp.gov.cn/cggg/dfgg/gkzb/202603/t20260305_26232525.htm,福建省厦门市思明区湖滨南路56号
扬州市农业农村局农业碳汇交易中心信息系统开发项目,2026-03-05T17:10+08:00,扬州农业碳汇交易与AI植物医生系统,开发扬州市农业碳汇交易中心信息系统，集成AI问答和诊断功能，实现农业知识人机对话和病虫害自动诊断，推动农业数字化转型。,"【背景概述】：扬州市农业农村局启动农业碳汇交易中心信息系统开发项目，以“农业碳汇交易”与“AI+植物医生”为双轮驱动实现数字惠农，解决传统农业病虫害诊断依赖经验、碳汇交易缺乏数字化支撑等痛点，促进传统农业向绿色低碳农业转型。
1、建设AI问答小医生应用，实现农业知识的人机对话。
2、建设AI诊断小医生应用，自动识别病虫害图片，获取植物医生的诊断处方。",2026年03月27日,扬州市农业农村局本级,姜涛,0514-82087195,江苏,扬州市,30.00万元,http://www.ccgp.gov.cn/cggg/dfgg/gkzb/202603/t20260305_26233016.htm,江苏省扬州市
文山州第五中学安防信息升级改造项目,2026-03-05T17:10+08:00,校园安防信息AI升级改造项目,文山州第五中学安防信息升级改造项目旨在通过AI技术升级校园视频监控、人脸门禁系统，构建视频智能分析平台，实现人员管控、异常行为处置等智能化管理，提升校园安全管控能力。,"【背景概述】
文山州第五中学已建设校园视频监控系统、人脸门禁系统等信息化系统，本次升级改造针对性推进重点区域视频监控更换或增补、人脸门禁系统升级改造、紧急报警系统建设，通过多系统数据整合对接，结合先进AI技术开展数据融合应用与价值深度挖掘，基于现有及新建系统数据实现对校园人员、异常行为/事件的综合安全管控，形成技术措施交叉互补，实现校园安全加固。

1. 建设校园视频智能分析应用平台体系，依托人工智能AI算法解析服务能力，对人员管控、异常行为/事件处置、人员点名、重点区域管控等维度提供智能化手段。

2. 通过多系统数据整合对接，结合先进AI技术应用，开展数据融合应用和数据价值深度挖掘，基于现有及新建系统数据实现对校园人员、异常行为/事件的综合安全管控。",2026年03月27日,文山壮族苗族自治州第五中学,钱老师,0876-2661091,云南,文山市,320.00万元,http://www.ccgp.gov.cn/cggg/dfgg/gkzb/202603/t20260305_26233012.htm,文山市东山乡前进村岔路坝石场
西安交通大学第二附属医院医疗AI建设采购项目,2026-03-05T16:20+08:00,西安交大附二院智慧医疗AI建设,本项目旨在西安交通大学第二附属医院建设智慧医疗AI系统，包括AI集群、容器云平台、医疗AI中台应用系统等，实现数据质量管理、模型训练推理、系统集成和前端交互，以提升医疗服务质量和效率。,"【背景概述】
本项目为西安交通大学第二附属医院医疗AI建设采购项目，旨在建设智慧医疗、智慧患者服务应用场景及配套算力设施，在数据不出院前提下建立医院自有模型与AI训练推理体系，支撑AI大模型在医疗、患者服务、科研等场景应用落地。
1、部署3节点AI集群，支持千亿参数模型推理，为AI大模型训练、推理提供算力支撑；单台AI并行运算服务器配置≥8颗AI处理器，单卡算力≥280TFLOPS FP16、75TFLOPS FP32，单卡显存≥64GB HBM，8颗AI处理器全网状互联，互联带宽≥390GB/s。
2、容器云平台需具备预置模型能力，支持覆盖LLM、Embedding、Rerank、图像、音频、视频等主流开源模型；支持按模型类型、上下文长度、语言、支持芯片、模型供应商等多维度筛选，支持查看切换不同权重参数版本，模型仓库需持续跟进主流开源模型版本演进，原生支持Qwen3系列及其衍生分支模型。
3、容器云平台需具备模型部署能力，支持用户部署模型时按需选择推理引擎（含MindIE、vLLM、Transformers、sentence-transformers、text-embedding-inference等）、模型版本、部署卡资源、模型权重地址等参数，支持灵活切换与重部署，可灵活配置多副本，资源允许时可单卡运行多个模型实例。
4、容器云平台需具备模型实例扩缩容能力，支持对已部署模型服务实例进行多副本弹性扩缩容，保障推理服务性能稳定和资源负载均衡，多副本对外统一暴露同一API地址，具备高可用和灾备能力。
5、容器云平台需具备模型调用链路管理能力，支持对已部署模型接口的完整调用链路进行跟踪记录，覆盖外部API或工具调用、上下文传递、提示内容、响应日志等信息，具备全链路ID关联能力，可实现单次调用全流程唯一追溯。
6、建设医疗AI相关中台应用系统，涵盖智能导诊、分诊、预问诊模块，AI电子病历质控模块，AI临床决策支持模块。
7、建立完善的数据质量管理机制，对医疗数据的采集、录入、传输、存储等环节进行严格管控，加强数据清洗、预处理工作，为AI模型训练与应用提供可靠的数据支持。
8、医疗人工智能系统需与医院现有HIS、LIS、PACS等信息系统实现无缝集成，实现数据共享与交互。
9、建设前端交互载体，包括智能导诊机器人、移动医疗APP、自助服务终端，可实现患者信息输入、查询、预约等功能，实时展示导诊、分诊、问诊等系统反馈信息。",2026年03月27日,西安交通大学医学院第二附属医院,张雷,010-83084967,陕西,西安市,500.00万元,http://www.ccgp.gov.cn/cggg/zygg/gkzb/202603/t20260305_26231986.htm,陕西省西安市新城区西五路157号
丹东市实验中学教室设备及用品采购项目,2026-03-05T11:30+08:00,智慧校园AI设备及安防系统采购,丹东市实验中学采购AI智控音频设备、智慧安防系统等，实现教学设备语音控制、紧急报警、高空抛物监测，提升校园安全管理和教学效率。,"【背景概述】
本项目为丹东市实验中学教室设备及用品采购项目，采购内容包含AI智控音频设备、智慧校园安防系统、教学用具等货物，用于满足学校教学及校园管理相关需求。

1、采购AI智控音频终端（对箱），内置功率放大器，具备AI语音控制功能：可传输AI语音控制指令、控制音效、PPT翻页；可接收并执行多媒体教学设备AI语音控制指令，实现开机上课/关机下课、音箱显示状态调节、大屏授课软件开关、录播/录音开关、学科课件开关及翻页、人工智能软件开关及通话控制；支持AI语音控制编辑，可自定义控制不少于7个文件/软件开关、不少于3个通道切换。
2、采购AI指令器，具备AI语音控制指令发射功能，老师无需操作多媒体软硬件即可通过AI语音控制多媒体设备。
3、卫生间防霸凌场景配置的紧急报警盒，具备智能噪声抑制、回声消除、防拆报警、喧哗报警功能；支持音频关键词识别，可学习全国方言音频文本，支持通过语音交互输入、web文件导入方式注册自定义关键词，支持不少于18个固定关键词、不少于10个自学习关键词，可自定义选用关键词，识别到呼救等关键字后推送预警信息至安保人员及教师处置。
4、主教学楼配置的400万、800万像素高空抛物监测网络摄像机，均内置GPU芯片，具备高空抛物事件智能检测功能，可实时监测高空抛物行为、记录物体坠落运行轨迹。
5、安防管理平台具备学生呼救关键字识别预警功能，识别到关键字后推送预警信息至安保人员及教师进行实时处置；具备高空抛物行为监测管控能力，可记录物体坠落运行轨迹、追溯侵权对象、实现事件完整溯源。",2026年03月30日,丹东市实验中学,贾迪,0415-2172955,辽宁,丹东市,69.98万元,http://www.ccgp.gov.cn/cggg/dfgg/gkzb/202603/t20260305_26228448.htm,丹东市振兴区八纬路64号
沈阳化工大学重大装备有机材料智能化合成系统采购项目,2026-03-05T10:30+08:00,重大装备有机材料智能化合成系统采购,沈阳化工大学采购一套重大装备有机材料智能化合成系统，包括工艺配方工作站、模型训练、逆向设计、AI知识问答交互等功能，旨在提升合成实验研究的智能化水平。,"【背景概述】沈阳化工大学采购重大装备有机材料智能化合成系统1套，用于开展重大装备有机材料相关合成、实验研究，配套多类工作站及实验测试设备。
1、工艺配方工作站需具备模型训练功能，可建立模型并训练，自动计算目标结果，支持对预测数据和实验数据进行对比验证。
2、工艺配方工作站需具备逆向设计功能，支持对过程中的数据源进行灵活配置，自动生成最优方案，可对设计结果进行对比验证，自动计算准确率。
3、工艺配方工作站需配置工艺智能体，具备AI知识问答交互功能。
4、工艺配方工作站需提供工艺化学与工艺物理领域的垂直领域常见模型。",2026年03月26日,沈阳化工大学,孙少伟、郭晓川、张田田、尚彬、刘金霞、刘娟娟,024-86803737,辽宁,,236.00万元,http://www.ccgp.gov.cn/cggg/dfgg/gkzb/202603/t20260305_26227820.htm,沈阳经济技术开发区11号街
基于全数据要素的数字健康城区示范项目,2026-03-05T00:10+08:00,数字健康城区AI中台及多场景应用建设,构建基于全数据要素的数字健康城区体系，通过AI中台提供自然语言解析引擎、智能体管理等，实现医学文本结构化处理、数据血缘知识库构建、传染病监测预警、AI辅助影像质控等功能，提升区域影像诊断能力，服务临床与科研场景。,"【背景概述】
本项目为上海市浦东卫生发展研究院采购的基于全数据要素的数字健康城区示范项目，以数智技术促进流程再造和智慧创新，建设“4+1+5+N”数字化健康城区体系，共设5个包件，开发周期18个月。

1、建设AI中台，基于AI大模型结合数据治理及数据应用需求提供自然语言解析引擎，包含智能问数智能体、医学自然语言解析引擎、智能体管理模块。
2、智能问数智能体需支持用户文字或语音输入的自然语言解析并返回指标结果，具备多轮对话下钻分析、根因分析报告生成、智能SQL查询、异常指标智能预警、语音识别、移动端数据速查与预警功能。
3、医学自然语言解析引擎需支持医学文本结构化处理，实现医学实体识别、实体关联识别、基于知识图谱的泛语义解析，支持文本结构化变量溯源、批量文本结构化分析及结果下载。
4、AI中台智能体管理模块需具备AI模型全生命周期管理能力，覆盖模型接入、部署、运维、授权、知识库管理、智能体编排、多智能体协同、对话测试功能。
5、数据资产智能体需支持基于数据血缘信息构建血缘知识库，可通过自然语言查询字段、表、系统之间的血缘关系。
6、多点触发传染病综合监测预警响应平台需部署智能语音热线与外呼平台，通过智能热线机器人提供防疫、艾滋病、结核病等业务咨询服务，支持外呼推送、信息采集、通知功能。
7、建设AI辅助影像质控与精准诊断平台，需实现指导社区技师拍摄、支撑社区拍片实时/准实时质控、辅助上级医院阅片精准诊断，提升区域影像诊断整体能力。
8、数据模型设计与场景应用建设需开展专病主题数据治理、语料制备、专病库建设、模型设计与训练，为临床与科研场景提供服务，基于慢病防控场景完成应用验证。",2026年03月31日,上海市浦东卫生发展研究院,李月,021-68541773,上海,上海市,729.00万元,http://www.ccgp.gov.cn/cggg/dfgg/gkzb/202603/t20260305_26222532.htm,上海市浦东新区莱阳路818号
石家庄信息工程职业学院大模型及机器人原型机开发实训室项目,2026-03-05T14:23+08:00,无相关要求,无相关要求,无相关要求,2026年03月26日,石家庄市信息工程职业学院,苏海龙,0311-67308001,河北,石家庄市,150.00万元,http://www.ccgp.gov.cn/cggg/dfgg/gkzb/202603/t20260305_26230126.htm,石家庄市藁城区天祥大街81号
东湖高新区2026年信息化项目统筹及评审咨询服务,2026-03-05T17:49+08:00,无相关要求,无相关要求,无相关要求,2026年03月06日,武汉东湖新技术开发区政务服务和大数据管理局,王鑫、徐慧玲,027-84888155，84888156转832,,武汉市,56.88万元,http://www.ccgp.gov.cn/cggg/dfgg/gkzb/202603/t20260305_26233804.htm,武汉市高新大道777号东湖高新区政务服务中心1号楼3楼
2026年度云南省山洪灾害风险调查与重点隐患排查及监测预警平台数智化提升项目,2026-03-05T16:20+08:00,无相关要求,无相关要求,无相关要求,2026年03月27日,云南省水利水电科学研究院,罗云松,15987189635,云南,昆明市,443.00万元,http://www.ccgp.gov.cn/cggg/dfgg/gkzb/202603/t20260305_26231980.htm,昆明市西山区新闻路延长线五家堆下段
天津商业大学冷链物流产教融合实训设备更新-无人冷链智能机器人系统一体化实验台购置项目,2026-03-05T18:50+08:00,无相关要求,无相关要求,无相关要求,2026年03月26日,天津商业大学,李响,022-88397766,天津,天津市,70.00万元,http://www.ccgp.gov.cn/cggg/dfgg/gkzb/202603/t20260305_26234557.htm,天津市北辰区光荣道409号
骨科手术机器人采购项目,2026-03-05T17:29+08:00,无相关要求,无相关要求,无相关要求,2026年03月27日,攀枝花市中心医院,张元菊、马鑫,18089595333、18582450920、0812-5556733,四川,攀枝花市,150.00万元,http://www.ccgp.gov.cn/cggg/dfgg/gkzb/202603/t20260305_26233425.htm,攀枝花市东区益康街34号
石家庄信息工程职业学院具身智能场景应用实训室项目,2026-03-05T14:23+08:00,无相关要求,无相关要求,无相关要求,2026年03月26日,石家庄市信息工程职业学院,李月月,0311-88719999,河北,石家庄市,180.00万元,http://www.ccgp.gov.cn/cggg/dfgg/gkzb/202603/t20260305_26230130.htm,石家庄市藁城区天祥大街81号
银川市数据局全域数字化转型小切口应用场景试点示范项目（一至四标段）,2026-03-05T23:27+08:00,无相关要求,无相关要求,无相关要求,2026年03月26日,银川市数据局,何佳鹏,0951-8949110,宁夏,银川市,126.00万元,http://www.ccgp.gov.cn/cggg/dfgg/gkzb/202603/t20260305_26235177.htm,银川市金凤区上海西路街道北京中路166号
